url,google-analytics,googletagmanager,adobedtm,kissmetrics
https://www.bluum.com/,True,True,False,False
https://www.danikapr.com/,False,False,False,False
https://chesapeakebaymagazine.com/,False,True,False,False
https://baltimore.org/,False,True,False,False
https://stagum.com/,False,True,False,True
https://www.delmarvadiscoverycenter.org/,False,False,False,False
https://dorchestercountymd.com/,False,True,False,False
https://aqua.org/,False,True,False,False
https://www.princegeorgescountymd.gov/,False,True,False,False
https://berlinmd.gov/,False,True,False,False
http://www.higreenbelt.com,False,False,False,False
https://www.co.worcester.md.us/,False,True,False,False
https://www.expediagroup.com/home/default.aspx,True,False,False,False
https://fogodechao.com,True,True,False,False
https://www.anacostiatrails.org/,False,True,False,False
https://www.carrollcountymd.gov/,False,True,False,False
https://www.calvertcountymd.gov/,False,True,False,False
https://www.flyingdog.com/,False,True,False,False
https://www.enradius.com/,False,True,False,False
https://www.beachesbayswaterways.org/,True,False,False,False
https://www.kentnarrowsmd.com/,False,False,False,False
https://www.marriott.com/default.mi,False,False,True,False
https://www.iheartmedia.com/,True,True,False,False
https://www.celticrnr.com/,False,False,False,False
http://www.mcdonnellmedia.com,False,False,False,False
https://mdsoccerplex.org/,True,True,False,False
https://jammintogether.com/,False,False,False,False
https://jmoreliving.com/,False,True,False,False
https://www.medievaltimes.com:443/,False,True,False,False
https://marylandroadtrips.com/,False,True,False,False
https://www.maryland.com/,True,False,False,False
https://havredegracemd.gov/,False,True,False,False
https://marylandsports.us/,True,False,False,False
https://mpa.maryland.gov/Pages/default.aspx,True,True,False,False
https://www.missshirleys.com/,True,True,False,False
https://www.ncm.com/,False,False,False,False
https://marylandmotorcoach.org/,False,True,False,False
http://www.palmergosnell.com,False,False,False,False
https://ocbeachresort.com/,False,True,False,False
https://mediaone.digital/,False,True,False,False
https://www.laurelpark.com/,False,True,False,False
https://www.orange.com/en,False,True,False,False
https://ops-strategies.com/,False,False,False,False
https://www.oceancity.com/,True,True,False,False
https://mediaone.digital/,False,True,False,False
https://ocvisitor.com/,False,True,False,False
https://oceancity.org/,False,True,False,False
https://www.phillipsfoods.com/,False,True,False,False
https://pressboxonline.com/,False,True,False,False
https://princessbayside.com/,False,True,False,False
https://www.princessroyale.com/,False,True,False,False
https://platinumpr.com/,True,False,False,False
https://www.harfordbrewtours.com/,True,True,False,False
https://login.microsoftonline.com/common/oauth2/authorize?client_id=00000002-0000-0ff1-ce00-000000000000&redirect_uri=https%3a%2f%2foutlook.office365.com%2fowa%2f&resource=00000002-0000-0ff1-ce00-000000000000&response_mode=form_post&response_type=code+id_token&scope=openid&msafed=1&msaredir=1&client-request-id=5024de2f-9a3e-ad81-7c4d-10f9c48e329f&protectedtoken=true&claims=%7b%22id_token%22%3a%7b%22xms_cc%22%3a%7b%22values%22%3a%5b%22CP1%22%5d%7d%7d%7d&nonce=638049773769508688.0793d639-212e-4bb1-8680-bf6e6cf12d84&state=DYtJEoAgDMCKjs-pFIpdniMCV49-3x6SQ2aSAGAPtiBRCFTYqLkqq_hFJmYnqfMQdqylTmy9F4xO2JdMeVapw1qK98jvd-cf,False,False,False,False
https://www.recreationnews.com/,True,True,False,False
https://www.sojern.com/,False,True,False,False
https://www.sonesta.com/,False,True,False,False
https://www.rentatour.com/,False,False,False,False
https://www.salisbury.edu/,True,True,False,False
https://www.optimum.net/,False,True,True,False
http://www.zartico.com,False,True,False,False
https://www.wandermaps.com/,False,True,False,False
https://www.visitmaryland.org/,False,True,False,False
https://www.visitstmarysmd.com,False,True,False,False
https://whong.media/,False,False,False,False
https://www.visithagerstown.com/index.php,False,True,False,False
https://tdsbrochure.com/index.html,False,False,False,False
https://www.wispresort.com,False,True,False,False
https://tccsmd.org/,True,True,False,False
https://www.todaymediacustom.com/,False,True,False,False
https://travelspike.com/wp2013/,False,False,False,False
